,importance
error5_24h,0.13002598747529917
error4_24h,0.08413723724433497
error1_24h,0.08009478952969
volt_mean_24h,0.0627594490150116
pressure_mean_24h,0.05812898714079158
vibration_mean_24h,0.052993505861618884
error2_24h,0.03793403012428331
error3_24h,0.034993989733236065
rotate_mean_24h,0.02503279859900929
hrs_since_comp1,0.010241016958661753
hrs_since_comp3,0.00790349193394584
hrs_since_comp4,0.006208906206677178
hrs_since_comp2,0.004035917341838236
age,0.0025375647802010847
model_model3,0.0015525122251342394
